{
	"X":{"age":[0,100], "CVS":[0,100], "nCL":[0,10], "nPRL":[0,10]},
	"y":{"diagnosis":[0,1]},
	"coef":[[0.03802957, 0.13029254, 0.9918418 , 0.90924788]],
	"intercept":[-8.94546281]
}
