{
	"X":{"age":[0,100], "CVS":[0,100], "nCL":[0,10], "nPRL":[0,10]},
	"y":{"diagnosis":[0,1]},
	"coef":[[-0.01523844,  4.71742124,  1.28736287,  0.96080096]],
	"intercept":[-2.98480377]
}
