{
	"X":{"age":[0,100], "CVS":[0,100], "nCL":[0,10], "nPRL":[0,10]},
	"y":{"diagnosis":[0,1]},
	"coef":[[-0.02334612,  4.83647202,  1.22614255,  1.05623513]],
	"intercept":[-2.70676153]
}
